word,n
services,15152
solutions,11430
company,10249
business,10055
clients,9111
service,7633
technology,7503
people,6769
team,6769
care,6648
industry,6643
health,6362
management,6080
quality,6052
customers,5774
provide,5649
products,5491
experience,5444
global,5231
companies,4986
leading,4804
community,4387
providing,4372
development,4188
mission,4153
including,4093
talent,4062
based,3902
life,3675
healthcare,3557
staffing,3538
data,3514
firm,3464
employees,3453
customer,3419
financial,3390
time,3363
expertise,3257
design,3118
top,3098
innovative,3096
professionals,3072
founded,2998
consulting,2953
medical,2934
offer,2911
success,2910
digital,2899
deliver,2858
engineering,2851
communities,2850
systems,2839
visit,2804
businesses,2787
family,2760
professional,2710
market,2704
largest,2666
dedicated,2651
energy,2604
unique,2600
committed,2585
partner,2550
network,2543
growth,2530
center,2497
united,2461
opportunities,2448
create,2428
client,2392
innovation,2374
partners,2363
process,2354
construction,2326
brands,2300
serve,2291
insurance,2282
programs,2282
focus,2278
building,2275
approach,2264
build,2254
organization,2237
manufacturing,2221
owned,2199
commitment,2182
america,2181
resources,2168
offers,2163
future,2158
marketing,2158
software,2149
provider,2145
organizations,2141
range,2123
leader,2117
industries,2111
real,2091
education,2089
candidates,2085
career,2083
product,2077
project,2070
commercial,2064
platform,2049
technologies,2031
national,2029
learn,1984
north,1969
recruitment,1963
public,1960
local,1928
system,1928
power,1926
https,1910
culture,1904
job,1893
operations,1887
growing,1875
recruiting,1873
offices,1869
excellence,1868
comprehensive,1852
sales,1850
search,1834
delivering,1816
staff,1813
day,1802
focused,1798
environment,1771
meet,1771
lives,1766
access,1761
patients,1749
headquartered,1746
level,1724
relationships,1723
security,1717
social,1716
diverse,1715
performance,1694
brand,1671
driven,1661
markets,1654
individuals,1638
private,1633
locations,1628
values,1618
vision,1611
projects,1602
core,1596
city,1590
located,1589
helping,1583
technical,1558
media,1551
investment,1539
exceptional,1532
achieve,1527
offering,1526
built,1523
program,1520
human,1512
training,1507
families,1504
international,1501
personal,1499
term,1492
students,1491
goals,1489
facilities,1485
teams,1485
class,1483
challenges,1482
highly,1478
industrial,1470
worldwide,1467
improve,1458
cloud,1457
countries,1448
food,1445
safety,1445
strategic,1445
serving,1442
cost,1419
hospital,1419
ve,1415
agency,1403
experts,1397
equipment,1372
school,1369
opportunity,1368
knowledge,1366
estate,1357
impact,1347
recognized,1338
solution,1337
hire,1320
wide,1317
trusted,1315
strong,1314
government,1309
grow,1303
bring,1297
established,1280
office,1276
legal,1273
ensure,1272
experiences,1271
york,1271
join,1265
creating,1263
advanced,1262
drive,1257
certified,1256
includes,1254
finance,1244
portfolio,1241
enterprise,1239
retail,1233
delivery,1231
corporate,1230
understand,1230
integrated,1227
careers,1219
award,1216
centers,1215
children,1214
executive,1207
learning,1204
live,1204
patient,1201
sustainable,1200
workforce,1198
firms,1180
clinical,1173
goal,1166
leaders,1162
independent,1158
complex,1156
infrastructure,1152
california,1150
nation,1147
law,1144
change,1142
supply,1139
tools,1137
contract,1136
edge,1122
direct,1118
integrity,1117
country,1115
ai,1114
develop,1112
benefits,1109
critical,1109
effective,1107
designed,1106
online,1089
trust,1088
experienced,1085
risk,1085
creative,1083
hiring,1081
university,1079
leadership,1075
employee,1074
accounting,1067
capital,1062
planning,1043
treatment,1040
science,1033
connect,1027
county,1025
applications,1021
helps,1021
american,1015
texas,1015
practice,1005
reach,1004
free,998
billion,993
tech,993
llc,992
potential,991
variety,990
capabilities,988
skills,986
fortune,985
successful,984
specialty,980
passion,969
providers,967
strategy,959
competitive,958
production,958
custom,953
art,951
key,946
consumer,945
living,942
processes,940
deep,939
purpose,935
premier,927
content,925
winning,923
transportation,917
proven,916
distribution,913
san,907
control,906
women,902
serves,897
practices,896
pride,896
contact,895
intelligence,894
website,891
analytics,887
specific,884
individual,883
environmental,881
forward,876
extensive,874
water,871
employment,866
foundation,863
multi,862
bank,857
strive,855
efficient,853
scale,851
developing,850
space,848
standards,842
property,841
operates,840
call,836
consultants,836
transformation,827
addition,826
operating,823
specialized,823
college,821
passionate,820
changing,819
understanding,816
residential,815
south,812
insights,810
automation,806
logistics,805
usa,803
housing,801
delivers,800
model,799
cutting,798
ability,791
schools,791
positions,790
manage,789
agencies,787
chain,785
partnerships,785
managed,781
outcomes,781
canada,780
fast,780
assets,778
associates,777
journey,777
empower,775
therapy,774
major,773
regional,772
enable,771
nationwide,771
diversity,770
heart,768
personalized,768
generation,767
jobs,767
requirements,764
site,764
multiple,762
efficiency,760
start,757
compliance,756
corporation,753
florida,753
tailored,749
application,747
strategies,746
complete,744
specializing,744
skilled,741
profit,737
decades,736
ll,734
set,734
love,732
qualified,728
fit,727
maintenance,727
materials,726
single,726
mobile,724
safe,723
specialize,723
federal,721
talented,720
hr,718
department,714
superior,708
europe,706
follow,705
ready,704
banking,703
customized,703
reliable,702
plan,701
difference,700
reputation,699
placement,697
primary,697
facility,694
positive,693
house,692
continue,691
de,691
facebook,691
employer,690
field,690
asset,688
share,688
communications,687
engineers,687
specializes,687
operate,682
http,681
expert,678
enhance,675
grown,674
automotive,671
testing,671
history,670
hospitals,670
collaboration,668
globe,668
lead,668
dynamic,666
homes,665
modern,665
simple,664
acquisition,663
broad,663
flexible,663
region,663
affordable,662
thousands,660
candidate,653
fastest,653
washington,653
owners,651
sectors,651
thrive,643
globally,640
managers,638
operational,638
resource,638
revenue,638
hard,637
source,637
expectations,632
gas,632
combined,630
supporting,630
transform,628
medicine,627
partnership,621
mental,618
solve,616
improving,613
air,612
current,612
physicians,611
suite,611
events,610
sector,610
senior,609
st,606
credit,603
equity,603
sports,603
consumers,602
ensuring,600
matter,598
educational,597
twitter,597
